Green,Green
000801,Green
000802,Green
081002,Green
000701,Green
000800,Green
000400,Green
001302,Green
001803,Green
010300,Green
001804,Green
001901,Green
002001,Green
002002,Green
002101,Green
002502,Green
002501,Green
002202,Green
002102,Green
009505,Green
009507,Green
002701,Green
002702,Green
002801,Green
002802,Green
003800,Green
003700,Green
003000,Green
003600,Green
003500,Green
003400,Green
003200,Green
000201,Green
000202,Green
005600,Green
005500,Green
010800,Green
010700,Green
005301,Green
010100,Green
005002,Green
004902,Green
005800,Green
005900,Green
004901,Green
004802,Green
004701,Green
004702,Green
010600,Green
007901,Green
006801,Green
010500,Green
006500,Green
007200,Green
006400,Green
007903,Green
002302,Green
009501,Green
009508,Green
009203,Green
009201,Green
004600,Green
003302,Green
009204,Green
009301,Green
008702,Green
009302,Green
009102,Green
008802,Green
008804,Green
011100,Green
008903,Green
009000,Green
008904,Green
